X,Y,band1,band2,band3,band4,band5,band6,band7,band8,class
0,0,0,0,0,0,0,0,0,0,arti1_1
0,1,0,0,0,0,0,0,0,0,arti1_1
0,2,0,0,0,0,0,0,0,0,arti1_1
0,3,0,0,0,0,0,0,0,0,arti1_1
0,4,0,0,0,0,0,0,0,0,arti1_1
0,5,0,0,0,0,0,0,0,0,arti1_1
0,6,0,0,0,0,0,0,0,0,arti1_1
0,7,0,0,0,0,0,0,0,0,arti1_1
0,8,0,0,0,0,0,0,0,0,arti1_1
0,9,0,0,0,0,0,0,0,0,arti1_1
0,10,0,0,0,0,0,0,0,0,arti1_1
1,0,0,0,0,0,0,0,0,0,arti1_1
1,1,0,0,0,0,0,0,0,0,arti1_1
1,2,0,0,0,0,0,0,0,0,arti1_1
1,3,0,0,0,0,0,0,0,0,arti1_1
1,4,0,0,0,0,0,0,0,0,arti1_1
1,5,62,43,39,29,22,119,21,15,arti1_1
1,6,79,59,56,40,47,126,45,38,arti1_1
1,7,86,67,69,47,57,126,59,44,arti1_1
1,8,78,57,57,39,35,124,29,33,arti1_1
1,9,78,65,66,45,46,124,34,34,arti1_1
1,10,0,0,0,0,0,0,0,0,arti1_1
2,0,92,73,78,55,57,131,52,51,arti1_1
2,1,90,70,75,50,50,131,42,29,arti1_1
2,2,64,48,44,40,40,128,34,32,arti1_1
2,3,67,50,49,48,50,128,43,37,arti1_1
2,4,66,45,45,36,34,119,30,17,arti1_1
2,5,56,36,29,20,17,119,14,17,arti1_1
2,6,65,46,36,27,31,126,32,23,arti1_1
2,7,72,52,49,36,71,126,64,39,arti1_1
2,8,83,67,72,49,60,124,46,41,arti1_1
2,9,78,65,71,51,35,124,26,39,arti1_1
2,10,0,0,0,0,0,0,0,0,arti1_1
3,0,97,79,83,60,56,128,48,69,arti1_1
3,1,97,80,86,59,48,128,39,31,arti1_1
3,2,64,42,39,31,38,130,32,28,arti1_1
3,3,62,45,39,36,43,130,38,27,arti1_1
3,4,64,47,39,33,28,125,24,24,arti1_1
3,5,60,39,40,29,31,125,26,25,arti1_1
3,6,58,36,30,23,5,121,6,23,arti1_1
3,7,64,48,54,44,38,121,31,48,arti1_1
3,8,75,61,85,59,62,126,51,33,arti1_1
3,9,0,0,0,0,0,0,0,0,arti1_1
3,10,0,0,0,0,0,0,0,0,arti1_1
4,0,93,74,79,56,51,128,42,30,arti1_1
4,1,71,50,51,37,38,128,32,36,arti1_1
4,2,67,52,51,38,37,130,31,33,arti1_1
4,3,68,51,48,36,32,130,26,27,arti1_1
4,4,83,64,65,47,44,125,39,38,arti1_1
4,5,84,64,66,44,32,125,26,26,arti1_1
4,6,53,38,39,32,35,121,31,16,arti1_1
4,7,62,44,52,39,55,121,47,28,arti1_1
4,8,0,0,0,0,0,0,0,0,arti1_1
4,9,0,0,0,0,0,0,0,0,arti1_1
4,10,0,0,0,0,0,0,0,0,arti1_1
5,0,77,61,61,45,41,125,38,29,arti1_1
5,1,85,70,71,51,61,125,50,48,arti1_1
5,2,74,59,65,45,53,126,45,37,arti1_1
5,3,79,57,56,41,33,126,30,19,arti1_1
5,4,112,95,99,66,48,126,37,68,arti1_1
5,5,109,89,91,57,45,126,32,42,arti1_1
5,6,78,62,59,49,31,123,20,54,arti1_1
5,7,90,73,78,65,51,123,40,68,arti1_1
5,8,0,0,0,0,0,0,0,0,arti1_1
5,9,0,0,0,0,0,0,0,0,arti1_1
5,10,0,0,0,0,0,0,0,0,arti1_1
6,0,0,0,0,0,0,0,0,0,arti1_1
6,1,81,65,61,43,45,125,40,26,arti1_1
6,2,71,54,57,38,50,126,47,38,arti1_1
6,3,81,59,56,43,36,126,32,26,arti1_1
6,4,105,92,97,68,51,126,40,70,arti1_1
6,5,92,79,80,56,48,126,36,48,arti1_1
6,6,90,72,70,50,45,123,33,26,arti1_1
6,7,0,0,0,0,0,0,0,0,arti1_1
6,8,0,0,0,0,0,0,0,0,arti1_1
6,9,0,0,0,0,0,0,0,0,arti1_1
6,10,0,0,0,0,0,0,0,0,arti1_1
7,0,0,0,0,0,0,0,0,0,arti1_1
7,1,0,0,0,0,0,0,0,0,arti1_1
7,2,0,0,0,0,0,0,0,0,arti1_1
7,3,66,48,45,33,33,122,28,30,arti1_1
7,4,74,61,58,46,47,120,39,35,arti1_1
7,5,82,66,71,54,49,120,39,39,arti1_1
7,6,0,0,0,0,0,0,0,0,arti1_1
7,7,0,0,0,0,0,0,0,0,arti1_1
7,8,0,0,0,0,0,0,0,0,arti1_1
7,9,0,0,0,0,0,0,0,0,arti1_1
7,10,0,0,0,0,0,0,0,0,arti1_1
8,0,0,0,0,0,0,0,0,0,arti1_1
8,1,0,0,0,0,0,0,0,0,arti1_1
8,2,0,0,0,0,0,0,0,0,arti1_1
8,3,0,0,0,0,0,0,0,0,arti1_1
8,4,0,0,0,0,0,0,0,0,arti1_1
8,5,0,0,0,0,0,0,0,0,arti1_1
8,6,87,74,80,64,68,127,55,59,arti1_1
8,7,0,0,0,0,0,0,0,0,arti1_1
8,8,0,0,0,0,0,0,0,0,arti1_1
8,9,0,0,0,0,0,0,0,0,arti1_1
8,10,0,0,0,0,0,0,0,0,arti1_1
0,0,0,0,0,0,0,0,0,0,arti1_2
0,1,0,0,0,0,0,0,0,0,arti1_2
0,2,0,0,0,0,0,0,0,0,arti1_2
0,3,0,0,0,0,0,0,0,0,arti1_2
0,4,0,0,0,0,0,0,0,0,arti1_2
0,5,0,0,0,0,0,0,0,0,arti1_2
0,6,0,0,0,0,0,0,0,0,arti1_2
0,7,0,0,0,0,0,0,0,0,arti1_2
0,8,0,0,0,0,0,0,0,0,arti1_2
0,9,0,0,0,0,0,0,0,0,arti1_2
0,10,0,0,0,0,0,0,0,0,arti1_2
0,11,0,0,0,0,0,0,0,0,arti1_2
0,12,0,0,0,0,0,0,0,0,arti1_2
0,13,0,0,0,0,0,0,0,0,arti1_2
0,14,61,43,40,56,39,131,26,33,arti1_2
0,15,0,0,0,0,0,0,0,0,arti1_2
1,0,0,0,0,0,0,0,0,0,arti1_2
1,1,0,0,0,0,0,0,0,0,arti1_2
1,2,0,0,0,0,0,0,0,0,arti1_2
1,3,0,0,0,0,0,0,0,0,arti1_2
1,4,0,0,0,0,0,0,0,0,arti1_2
1,5,0,0,0,0,0,0,0,0,arti1_2
1,6,0,0,0,0,0,0,0,0,arti1_2
1,7,0,0,0,0,0,0,0,0,arti1_2
1,8,0,0,0,0,0,0,0,0,arti1_2
1,9,0,0,0,0,0,0,0,0,arti1_2
1,10,0,0,0,0,0,0,0,0,arti1_2
1,11,64,47,46,63,50,128,36,38,arti1_2
1,12,60,46,41,61,49,130,37,35,arti1_2
1,13,61,44,40,59,43,130,30,33,arti1_2
1,14,60,43,35,64,41,131,27,39,arti1_2
1,15,0,0,0,0,0,0,0,0,arti1_2
2,0,0,0,0,0,0,0,0,0,arti1_2
2,1,0,0,0,0,0,0,0,0,arti1_2
2,2,0,0,0,0,0,0,0,0,arti1_2
2,3,0,0,0,0,0,0,0,0,arti1_2
2,4,0,0,0,0,0,0,0,0,arti1_2
2,5,0,0,0,0,0,0,0,0,arti1_2
2,6,0,0,0,0,0,0,0,0,arti1_2
2,7,0,0,0,0,0,0,0,0,arti1_2
2,8,65,48,45,59,43,129,33,32,arti1_2
2,9,58,43,40,63,45,129,33,30,arti1_2
2,10,55,44,41,63,51,128,37,35,arti1_2
2,11,56,42,38,66,47,128,32,34,arti1_2
2,12,64,47,41,59,42,131,33,33,arti1_2
2,13,58,45,43,54,41,131,30,36,arti1_2
2,14,66,50,42,74,41,131,25,41,arti1_2
2,15,0,0,0,0,0,0,0,0,arti1_2
3,0,0,0,0,0,0,0,0,0,arti1_2
3,1,0,0,0,0,0,0,0,0,arti1_2
3,2,0,0,0,0,0,0,0,0,arti1_2
3,3,0,0,0,0,0,0,0,0,arti1_2
3,4,0,0,0,0,0,0,0,0,arti1_2
3,5,63,46,44,63,44,128,32,36,arti1_2
3,6,59,43,40,60,42,129,32,34,arti1_2
3,7,53,40,36,58,40,129,29,35,arti1_2
3,8,54,41,36,59,42,129,31,33,arti1_2
3,9,58,43,41,62,55,129,36,34,arti1_2
3,10,59,47,41,78,61,128,39,44,arti1_2
3,11,57,45,39,81,52,128,32,42,arti1_2
3,12,63,46,41,67,48,131,33,37,arti1_2
3,13,63,49,46,54,42,131,32,30,arti1_2
3,14,68,51,48,69,45,131,30,37,arti1_2
3,15,0,0,0,0,0,0,0,0,arti1_2
4,0,0,0,0,0,0,0,0,0,arti1_2
4,1,61,46,40,63,47,132,34,47,arti1_2
4,2,62,48,47,62,46,129,33,31,arti1_2
4,3,59,45,40,62,44,129,30,38,arti1_2
4,4,58,44,38,69,47,129,30,38,arti1_2
4,5,62,46,46,66,51,129,35,38,arti1_2
4,6,59,43,40,60,42,128,32,28,arti1_2
4,7,55,39,34,54,36,128,26,27,arti1_2
4,8,57,41,36,54,42,127,30,35,arti1_2
4,9,60,46,40,67,51,127,37,32,arti1_2
4,10,57,45,39,80,47,129,30,45,arti1_2
4,11,58,47,39,79,43,129,25,39,arti1_2
4,12,64,49,50,65,46,131,31,35,arti1_2
4,13,63,48,44,55,44,131,33,37,arti1_2
4,14,59,45,40,64,40,131,30,38,arti1_2
4,15,60,44,37,63,38,131,28,41,arti1_2
5,0,0,0,0,0,0,0,0,0,arti1_2
5,1,67,50,47,63,42,132,31,29,arti1_2
5,2,62,48,48,58,38,129,27,37,arti1_2
5,3,58,41,42,53,36,129,23,27,arti1_2
5,4,60,45,45,60,40,129,26,47,arti1_2
5,5,61,46,44,59,47,129,32,27,arti1_2
5,6,59,45,40,56,45,128,31,32,arti1_2
5,7,54,41,35,57,41,128,30,35,arti1_2
5,8,60,44,41,62,43,127,29,39,arti1_2
5,9,65,50,43,61,51,127,35,35,arti1_2
5,10,58,44,41,51,41,129,29,36,arti1_2
5,11,60,48,44,63,44,129,25,38,arti1_2
5,12,63,49,50,59,42,131,28,35,arti1_2
5,13,63,46,46,54,43,131,33,32,arti1_2
5,14,61,45,36,70,41,131,26,42,arti1_2
5,15,62,45,39,69,41,131,28,33,arti1_2
6,0,0,0,0,0,0,0,0,0,arti1_2
6,1,0,0,0,0,0,0,0,0,arti1_2
6,2,60,44,45,55,40,131,30,33,arti1_2
6,3,60,45,42,54,37,131,24,31,arti1_2
6,4,58,47,42,59,33,132,25,33,arti1_2
6,5,59,44,43,58,42,132,34,30,arti1_2
6,6,64,48,45,58,46,129,33,38,arti1_2
6,7,66,54,51,67,46,129,30,36,arti1_2
6,8,62,49,46,60,39,129,25,33,arti1_2
6,9,62,49,41,63,42,129,30,40,arti1_2
6,10,61,45,38,61,47,130,35,30,arti1_2
6,11,61,45,43,59,45,130,31,37,arti1_2
6,12,59,45,45,59,38,130,27,29,arti1_2
6,13,63,46,47,54,43,130,33,38,arti1_2
6,14,60,45,41,65,50,130,32,40,arti1_2
6,15,56,41,38,64,51,130,37,31,arti1_2
7,0,0,0,0,0,0,0,0,0,arti1_2
7,1,0,0,0,0,0,0,0,0,arti1_2
7,2,62,46,44,53,41,131,29,30,arti1_2
7,3,60,46,45,60,40,131,31,32,arti1_2
7,4,56,45,39,66,49,132,35,38,arti1_2
7,5,58,44,39,57,43,132,30,33,arti1_2
7,6,59,46,41,60,40,129,27,36,arti1_2
7,7,59,44,38,59,38,129,24,33,arti1_2
7,8,58,44,37,56,37,129,29,33,arti1_2
7,9,59,46,38,56,48,129,34,31,arti1_2
7,10,67,49,49,52,45,130,35,36,arti1_2
7,11,67,49,49,52,45,130,35,33,arti1_2
7,12,70,50,49,50,39,130,30,30,arti1_2
7,13,62,48,45,54,37,130,27,40,arti1_2
7,14,62,49,44,64,47,130,32,48,arti1_2
7,15,54,41,37,78,54,130,34,35,arti1_2
8,0,0,0,0,0,0,0,0,0,arti1_2
8,1,0,0,0,0,0,0,0,0,arti1_2
8,2,63,44,43,50,40,131,29,29,arti1_2
8,3,65,49,47,51,45,131,36,31,arti1_2
8,4,68,52,48,66,53,130,38,47,arti1_2
8,5,60,44,41,60,45,130,33,25,arti1_2
8,6,59,44,41,54,37,132,29,34,arti1_2
8,7,55,43,37,56,40,132,25,33,arti1_2
8,8,66,48,45,58,38,132,26,31,arti1_2
8,9,74,56,53,69,46,132,30,50,arti1_2
8,10,69,52,49,59,44,132,32,36,arti1_2
8,11,68,51,49,54,38,132,26,33,arti1_2
8,12,78,62,61,66,68,128,56,45,arti1_2
8,13,59,45,40,78,54,128,35,41,arti1_2
8,14,56,44,35,99,53,130,28,49,arti1_2
8,15,59,44,37,71,52,130,35,34,arti1_2
9,0,0,0,0,0,0,0,0,0,arti1_2
9,1,0,0,0,0,0,0,0,0,arti1_2
9,2,0,0,0,0,0,0,0,0,arti1_2
9,3,63,44,42,53,52,131,40,26,arti1_2
9,4,62,47,45,57,51,130,42,34,arti1_2
9,5,57,42,38,57,42,130,31,31,arti1_2
9,6,58,44,43,51,44,132,33,34,arti1_2
9,7,62,47,43,58,41,132,31,31,arti1_2
9,8,69,50,42,61,34,132,24,40,arti1_2
9,9,82,60,56,67,49,132,36,42,arti1_2
9,10,69,52,48,62,44,132,32,38,arti1_2
9,11,65,50,43,57,35,132,24,37,arti1_2
9,12,69,50,49,65,55,128,46,34,arti1_2
9,13,71,56,52,80,65,128,49,37,arti1_2
9,14,55,44,37,68,44,130,29,32,arti1_2
9,15,56,43,37,77,54,130,36,26,arti1_2
10,0,0,0,0,0,0,0,0,0,arti1_2
10,1,0,0,0,0,0,0,0,0,arti1_2
10,2,0,0,0,0,0,0,0,0,arti1_2
10,3,0,0,0,0,0,0,0,0,arti1_2
10,4,0,0,0,0,0,0,0,0,arti1_2
10,5,0,0,0,0,0,0,0,0,arti1_2
10,6,56,38,34,54,44,134,31,31,arti1_2
10,7,60,44,41,55,44,134,33,36,arti1_2
10,8,67,51,47,59,42,131,31,31,arti1_2
10,9,66,49,43,58,45,131,35,31,arti1_2
10,10,58,44,40,58,44,132,31,34,arti1_2
10,11,60,43,37,52,38,132,30,29,arti1_2
10,12,55,41,38,61,37,131,26,36,arti1_2
10,13,64,48,42,65,52,131,43,38,arti1_2
10,14,61,46,45,46,33,131,31,31,arti1_2
10,15,0,0,0,0,0,0,0,0,arti1_2
11,0,0,0,0,0,0,0,0,0,arti1_2
11,1,0,0,0,0,0,0,0,0,arti1_2
11,2,0,0,0,0,0,0,0,0,arti1_2
11,3,0,0,0,0,0,0,0,0,arti1_2
11,4,0,0,0,0,0,0,0,0,arti1_2
11,5,0,0,0,0,0,0,0,0,arti1_2
11,6,0,0,0,0,0,0,0,0,arti1_2
11,7,0,0,0,0,0,0,0,0,arti1_2
11,8,0,0,0,0,0,0,0,0,arti1_2
11,9,0,0,0,0,0,0,0,0,arti1_2
11,10,0,0,0,0,0,0,0,0,arti1_2
11,11,0,0,0,0,0,0,0,0,arti1_2
11,12,0,0,0,0,0,0,0,0,arti1_2
11,13,0,0,0,0,0,0,0,0,arti1_2
11,14,0,0,0,0,0,0,0,0,arti1_2
11,15,0,0,0,0,0,0,0,0,arti1_2
0,0,0,0,0,0,0,0,0,0,cloud1_3
0,1,0,0,0,0,0,0,0,0,cloud1_3
0,2,241,200,220,161,131,96,95,123,cloud1_3
0,3,0,0,0,0,0,0,0,0,cloud1_3
0,4,0,0,0,0,0,0,0,0,cloud1_3
0,5,0,0,0,0,0,0,0,0,cloud1_3
0,6,0,0,0,0,0,0,0,0,cloud1_3
0,7,0,0,0,0,0,0,0,0,cloud1_3
1,0,0,0,0,0,0,0,0,0,cloud1_3
1,1,0,0,0,0,0,0,0,0,cloud1_3
1,2,205,172,179,130,100,95,66,119,cloud1_3
1,3,205,166,170,121,94,95,64,99,cloud1_3
1,4,243,201,232,155,133,95,95,116,cloud1_3
1,5,250,215,240,174,150,91,117,144,cloud1_3
1,6,0,0,0,0,0,0,0,0,cloud1_3
1,7,0,0,0,0,0,0,0,0,cloud1_3
2,0,0,0,0,0,0,0,0,0,cloud1_3
2,1,0,0,0,0,0,0,0,0,cloud1_3
2,2,194,157,159,118,81,95,48,93,cloud1_3
2,3,188,149,152,114,74,95,46,90,cloud1_3
2,4,204,164,172,119,88,95,54,106,cloud1_3
2,5,226,186,203,147,102,91,63,122,cloud1_3
2,6,0,212,248,171,118,91,75,142,cloud1_3
2,7,0,247,0,204,154,93,105,174,cloud1_3
3,0,0,0,0,0,0,0,0,0,cloud1_3
3,1,183,144,153,111,72,96,39,95,cloud1_3
3,2,185,150,159,115,74,96,43,95,cloud1_3
3,3,192,154,162,120,71,94,40,98,cloud1_3
3,4,194,154,161,118,68,94,33,104,cloud1_3
3,5,212,175,184,138,90,94,50,120,cloud1_3
3,6,244,206,228,165,120,94,80,142,cloud1_3
3,7,0,0,0,0,0,0,0,0,cloud1_3
4,0,0,0,0,0,0,0,0,0,cloud1_3
4,1,172,137,145,106,65,96,35,89,cloud1_3
4,2,178,143,149,109,68,96,39,92,cloud1_3
4,3,184,147,153,111,62,94,31,92,cloud1_3
4,4,196,160,167,121,67,94,33,100,cloud1_3
4,5,206,166,178,130,79,94,45,100,cloud1_3
4,6,225,182,200,147,96,94,62,120,cloud1_3
4,7,0,0,0,0,0,0,0,0,cloud1_3
5,0,0,0,0,0,0,0,0,0,cloud1_3
5,1,0,0,0,0,0,0,0,0,cloud1_3
5,2,191,154,161,116,83,95,58,86,cloud1_3
5,3,196,157,163,119,79,94,53,90,cloud1_3
5,4,199,160,170,124,73,94,43,96,cloud1_3
5,5,216,175,190,140,81,94,47,98,cloud1_3
5,6,0,0,0,0,0,0,0,0,cloud1_3
5,7,0,0,0,0,0,0,0,0,cloud1_3
6,0,0,0,0,0,0,0,0,0,cloud1_3
6,1,0,0,0,0,0,0,0,0,cloud1_3
6,2,0,0,0,0,0,0,0,0,cloud1_3
6,3,0,0,0,0,0,0,0,0,cloud1_3
6,4,207,170,182,133,93,94,64,111,cloud1_3
6,5,225,190,206,151,118,94,84,132,cloud1_3
6,6,0,0,0,0,0,0,0,0,cloud1_3
6,7,0,0,0,0,0,0,0,0,cloud1_3
7,0,0,0,0,0,0,0,0,0,cloud1_3
7,1,0,0,0,0,0,0,0,0,cloud1_3
7,2,0,0,0,0,0,0,0,0,cloud1_3
7,3,0,0,0,0,0,0,0,0,cloud1_3
7,4,0,0,0,0,0,0,0,0,cloud1_3
7,5,0,231,0,192,158,93,125,160,cloud1_3
7,6,0,0,0,0,0,0,0,0,cloud1_3
7,7,0,0,0,0,0,0,0,0,cloud1_3
0,0,0,0,0,0,0,0,0,0,cloud1_2
0,1,0,0,0,0,0,0,0,0,cloud1_2
0,2,0,0,0,0,0,0,0,0,cloud1_2
0,3,0,0,0,0,0,0,0,0,cloud1_2
0,4,0,0,0,0,0,0,0,0,cloud1_2
0,5,0,0,0,238,0,102,235,182,cloud1_2
0,6,0,0,0,235,0,102,230,173,cloud1_2
0,7,0,0,0,0,0,0,0,0,cloud1_2
1,0,0,0,0,0,0,0,0,0,cloud1_2
1,1,0,0,0,0,0,100,245,202,cloud1_2
1,2,0,0,0,254,0,100,244,188,cloud1_2
1,3,0,0,0,247,0,102,239,179,cloud1_2
1,4,0,0,0,243,0,102,231,182,cloud1_2
1,5,0,0,0,239,0,102,236,181,cloud1_2
1,6,0,0,0,230,0,102,230,171,cloud1_2
1,7,0,0,0,0,0,0,0,0,cloud1_2
2,0,0,0,0,0,0,0,0,0,cloud1_2
2,1,0,0,0,0,0,98,241,198,cloud1_2
2,2,0,0,0,252,0,98,235,186,cloud1_2
2,3,0,0,0,242,0,98,220,174,cloud1_2
2,4,0,0,0,234,254,98,217,183,cloud1_2
2,5,0,0,0,236,0,100,226,180,cloud1_2
2,6,0,0,0,0,0,0,0,0,cloud1_2
2,7,0,0,0,0,0,0,0,0,cloud1_2
3,0,0,0,0,0,0,0,0,0,cloud1_2
3,1,0,0,0,0,0,0,0,0,cloud1_2
3,2,0,0,0,240,241,98,212,174,cloud1_2
3,3,0,0,0,232,241,98,208,172,cloud1_2
3,4,0,0,0,231,247,98,213,180,cloud1_2
3,5,0,0,0,0,0,0,0,0,cloud1_2
3,6,0,0,0,0,0,0,0,0,cloud1_2
3,7,0,0,0,0,0,0,0,0,cloud1_2
4,0,0,0,0,0,0,0,0,0,cloud1_2
4,1,0,0,0,0,0,0,0,0,cloud1_2
4,2,0,0,0,0,0,0,0,0,cloud1_2
4,3,0,0,0,0,0,0,0,0,cloud1_2
4,4,0,0,0,0,0,0,0,0,cloud1_2
4,5,0,0,0,0,0,0,0,0,cloud1_2
4,6,0,0,0,0,0,0,0,0,cloud1_2
4,7,0,0,0,0,0,0,0,0,cloud1_2
0,0,0,0,0,0,0,0,0,0,forest1
0,1,53,37,27,48,32,122,19,25,forest1
0,2,0,0,0,0,0,0,0,0,forest1
0,3,0,0,0,0,0,0,0,0,forest1
0,4,0,0,0,0,0,0,0,0,forest1
0,5,0,0,0,0,0,0,0,0,forest1
0,6,0,0,0,0,0,0,0,0,forest1
0,7,0,0,0,0,0,0,0,0,forest1
0,8,0,0,0,0,0,0,0,0,forest1
0,9,0,0,0,0,0,0,0,0,forest1
0,10,0,0,0,0,0,0,0,0,forest1
1,0,0,0,0,0,0,0,0,0,forest1
1,1,54,37,28,45,34,122,22,25,forest1
1,2,53,36,29,49,33,121,21,30,forest1
1,3,54,38,32,49,35,121,25,31,forest1
1,4,53,36,29,40,31,122,23,28,forest1
1,5,53,37,27,44,32,122,18,25,forest1
1,6,54,38,32,54,34,121,21,27,forest1
1,7,53,38,32,63,35,121,21,34,forest1
1,8,52,38,28,62,33,119,18,31,forest1
1,9,0,0,0,0,0,0,0,0,forest1
1,10,0,0,0,0,0,0,0,0,forest1
2,0,0,0,0,0,0,0,0,0,forest1
2,1,54,38,29,58,35,121,21,31,forest1
2,2,53,36,29,57,34,122,21,29,forest1
2,3,53,37,30,56,32,122,19,26,forest1
2,4,52,37,29,59,31,121,18,29,forest1
2,5,54,37,28,43,34,121,21,28,forest1
2,6,54,35,30,42,30,122,20,27,forest1
2,7,52,37,30,63,30,122,19,32,forest1
2,8,52,39,29,66,32,120,18,35,forest1
2,9,53,37,32,61,33,120,17,36,forest1
2,10,53,38,29,63,32,122,18,30,forest1
3,0,0,0,0,0,0,0,0,0,forest1
3,1,53,39,29,65,32,121,19,38,forest1
3,2,54,39,29,69,37,122,21,31,forest1
3,3,52,34,29,42,31,122,21,25,forest1
3,4,52,36,28,48,31,121,20,26,forest1
3,5,53,37,30,50,34,121,22,30,forest1
3,6,54,35,29,41,35,122,22,28,forest1
3,7,53,36,28,52,32,122,22,32,forest1
3,8,52,37,30,62,31,120,20,30,forest1
3,9,53,37,30,57,32,120,17,27,forest1
3,10,0,0,0,0,0,0,0,0,forest1
4,0,0,0,0,0,0,0,0,0,forest1
4,1,53,37,28,58,29,121,17,31,forest1
4,2,51,39,29,71,35,121,20,36,forest1
4,3,51,35,29,48,33,121,22,21,forest1
4,4,55,37,30,48,30,122,20,40,forest1
4,5,54,37,29,53,32,122,21,25,forest1
4,6,53,36,28,52,32,121,19,31,forest1
4,7,54,37,29,60,33,121,19,32,forest1
4,8,52,36,29,62,31,120,21,26,forest1
4,9,0,0,0,0,0,0,0,0,forest1
4,10,0,0,0,0,0,0,0,0,forest1
5,0,0,0,0,0,0,0,0,0,forest1
5,1,54,36,29,56,28,121,18,34,forest1
5,2,52,38,28,66,30,121,17,33,forest1
5,3,53,37,32,57,35,121,21,33,forest1
5,4,54,37,29,53,31,122,20,30,forest1
5,5,52,37,29,50,31,122,20,24,forest1
5,6,52,36,30,55,32,121,18,37,forest1
5,7,53,38,29,71,32,121,20,33,forest1
5,8,53,38,28,68,30,120,18,36,forest1
5,9,0,0,0,0,0,0,0,0,forest1
5,10,0,0,0,0,0,0,0,0,forest1
6,0,0,0,0,0,0,0,0,0,forest1
6,1,0,0,0,0,0,0,0,0,forest1
6,2,0,0,0,0,0,0,0,0,forest1
6,3,0,0,0,0,0,0,0,0,forest1
6,4,0,0,0,0,0,0,0,0,forest1
6,5,0,0,0,0,0,0,0,0,forest1
6,6,0,0,0,0,0,0,0,0,forest1
6,7,0,0,0,0,0,0,0,0,forest1
6,8,0,0,0,0,0,0,0,0,forest1
6,9,0,0,0,0,0,0,0,0,forest1
6,10,0,0,0,0,0,0,0,0,forest1
0,0,0,0,0,0,0,0,0,0,grass1
0,1,0,0,0,0,0,0,0,0,grass1
0,2,0,0,0,0,0,0,0,0,grass1
0,3,0,0,0,0,0,0,0,0,grass1
0,4,0,0,0,0,0,0,0,0,grass1
0,5,0,0,0,0,0,0,0,0,grass1
0,6,55,42,33,83,53,125,27,44,grass1
0,7,54,42,33,83,52,125,27,40,grass1
0,8,0,0,0,0,0,0,0,0,grass1
1,0,53,42,33,80,61,130,36,38,grass1
1,1,53,42,33,85,51,130,27,44,grass1
1,2,52,41,34,94,49,127,27,46,grass1
1,3,55,43,34,98,52,127,26,38,grass1
1,4,53,42,36,76,47,126,27,37,grass1
1,5,54,41,31,79,48,126,26,41,grass1
1,6,53,41,32,86,49,125,24,40,grass1
1,7,53,41,33,80,50,125,26,42,grass1
1,8,0,0,0,0,0,0,0,0,grass1
2,0,0,0,0,0,0,0,0,0,grass1
2,1,52,45,34,106,61,129,30,47,grass1
2,2,53,41,34,88,49,127,27,33,grass1
2,3,55,41,33,79,49,127,28,36,grass1
2,4,53,42,35,72,53,125,28,44,grass1
2,5,55,41,33,85,55,125,27,45,grass1
2,6,55,42,31,90,52,126,25,41,grass1
2,7,53,41,32,85,51,126,26,41,grass1
2,8,0,0,0,0,0,0,0,0,grass1
3,0,0,0,0,0,0,0,0,0,grass1
3,1,54,42,35,90,49,129,27,45,grass1
3,2,55,43,33,76,49,127,26,38,grass1
3,3,56,41,33,78,51,127,26,41,grass1
3,4,56,41,33,86,51,125,25,45,grass1
3,5,56,41,33,86,51,125,25,34,grass1
3,6,54,41,31,84,49,126,27,41,grass1
3,7,52,42,32,80,49,126,28,35,grass1
3,8,0,0,0,0,0,0,0,0,grass1
4,0,0,0,0,0,0,0,0,0,grass1
4,1,0,0,0,0,0,0,0,0,grass1
4,2,56,42,35,76,49,126,27,40,grass1
4,3,53,41,32,85,50,126,28,42,grass1
4,4,54,41,32,85,52,124,28,39,grass1
4,5,54,41,31,78,51,124,24,40,grass1
4,6,52,39,32,73,47,123,24,34,grass1
4,7,52,40,31,69,44,123,25,35,grass1
4,8,0,0,0,0,0,0,0,0,grass1
5,0,0,0,0,0,0,0,0,0,grass1
5,1,0,0,0,0,0,0,0,0,grass1
5,2,54,41,33,79,50,126,26,45,grass1
5,3,52,41,31,87,49,126,28,40,grass1
5,4,52,40,32,87,51,124,26,41,grass1
5,5,54,41,32,78,50,124,24,39,grass1
5,6,54,39,31,70,43,123,22,36,grass1
5,7,54,38,31,67,42,123,23,36,grass1
5,8,0,0,0,0,0,0,0,0,grass1
6,0,0,0,0,0,0,0,0,0,grass1
6,1,0,0,0,0,0,0,0,0,grass1
6,2,0,0,0,0,0,0,0,0,grass1
6,3,54,41,30,86,51,125,28,39,grass1
6,4,53,39,30,80,50,124,25,41,grass1
6,5,54,39,31,73,44,124,23,38,grass1
6,6,55,41,31,70,43,124,23,31,grass1
6,7,54,40,32,75,49,124,24,35,grass1
6,8,0,0,0,0,0,0,0,0,grass1
7,0,0,0,0,0,0,0,0,0,grass1
7,1,0,0,0,0,0,0,0,0,grass1
7,2,0,0,0,0,0,0,0,0,grass1
7,3,52,41,30,80,46,125,27,40,grass1
7,4,53,40,32,74,42,124,22,34,grass1
7,5,56,40,30,75,43,124,23,34,grass1
7,6,55,41,31,81,46,124,25,42,grass1
7,7,53,42,33,87,50,124,25,46,grass1
7,8,0,0,0,0,0,0,0,0,grass1
0,0,0,0,0,0,0,0,0,0,shado1_1
0,1,0,0,0,0,0,0,0,0,shado1_1
0,2,0,0,0,0,0,0,0,0,shado1_1
0,3,0,0,0,0,0,0,0,0,shado1_1
0,4,0,0,0,0,0,0,0,0,shado1_1
0,5,48,29,23,18,11,108,12,16,shado1_1
0,6,0,0,0,0,0,0,0,0,shado1_1
0,7,0,0,0,0,0,0,0,0,shado1_1
0,8,0,0,0,0,0,0,0,0,shado1_1
1,0,0,0,0,0,0,0,0,0,shado1_1
1,1,0,0,0,0,0,0,0,0,shado1_1
1,2,0,0,0,0,0,0,0,0,shado1_1
1,3,0,0,0,0,0,0,0,0,shado1_1
1,4,48,28,21,17,11,108,12,13,shado1_1
1,5,47,27,22,17,11,108,9,13,shado1_1
1,6,0,0,0,0,0,0,0,0,shado1_1
1,7,0,0,0,0,0,0,0,0,shado1_1
1,8,0,0,0,0,0,0,0,0,shado1_1
2,0,0,0,0,0,0,0,0,0,shado1_1
2,1,0,0,0,0,0,0,0,0,shado1_1
2,2,0,0,0,0,0,0,0,0,shado1_1
2,3,47,28,23,17,12,107,10,13,shado1_1
2,4,48,29,21,18,10,108,10,13,shado1_1
2,5,45,27,22,17,10,108,9,12,shado1_1
2,6,48,27,21,16,10,108,9,14,shado1_1
2,7,0,0,0,0,0,0,0,0,shado1_1
2,8,0,0,0,0,0,0,0,0,shado1_1
3,0,0,0,0,0,0,0,0,0,shado1_1
3,1,0,0,0,0,0,0,0,0,shado1_1
3,2,48,28,20,17,11,107,11,13,shado1_1
3,3,46,28,22,17,11,107,10,16,shado1_1
3,4,48,28,19,17,11,108,8,14,shado1_1
3,5,48,28,21,16,11,108,10,13,shado1_1
3,6,48,28,23,17,10,108,11,13,shado1_1
3,7,46,28,21,16,9,108,10,12,shado1_1
3,8,0,0,0,0,0,0,0,0,shado1_1
4,0,0,0,0,0,0,0,0,0,shado1_1
4,1,49,29,20,17,10,107,9,14,shado1_1
4,2,48,28,21,18,9,107,10,13,shado1_1
4,3,45,27,21,18,11,107,10,16,shado1_1
4,4,47,28,19,17,10,107,9,14,shado1_1
4,5,48,29,23,16,10,107,10,13,shado1_1
4,6,45,28,21,17,10,109,11,15,shado1_1
4,7,46,28,21,18,10,109,10,12,shado1_1
4,8,47,29,19,18,11,109,10,12,shado1_1
5,0,0,0,0,0,0,0,0,0,shado1_1
5,1,0,0,0,0,0,0,0,0,shado1_1
5,2,48,28,22,18,11,107,9,14,shado1_1
5,3,47,30,23,18,11,107,9,19,shado1_1
5,4,48,28,21,16,13,107,11,13,shado1_1
5,5,49,28,21,16,10,107,11,15,shado1_1
5,6,47,27,19,17,11,109,8,13,shado1_1
5,7,47,28,21,18,10,109,9,15,shado1_1
5,8,0,0,0,0,0,0,0,0,shado1_1
6,0,0,0,0,0,0,0,0,0,shado1_1
6,1,0,0,0,0,0,0,0,0,shado1_1
6,2,47,27,22,16,12,107,9,15,shado1_1
6,3,45,28,22,18,11,107,9,17,shado1_1
6,4,48,29,22,17,11,107,11,14,shado1_1
6,5,49,30,20,17,11,107,10,14,shado1_1
6,6,0,0,0,0,0,0,0,0,shado1_1
6,7,0,0,0,0,0,0,0,0,shado1_1
6,8,0,0,0,0,0,0,0,0,shado1_1
7,0,0,0,0,0,0,0,0,0,shado1_1
7,1,0,0,0,0,0,0,0,0,shado1_1
7,2,48,27,20,17,10,107,10,15,shado1_1
7,3,46,28,22,17,12,107,10,16,shado1_1
7,4,0,0,0,0,0,0,0,0,shado1_1
7,5,0,0,0,0,0,0,0,0,shado1_1
7,6,0,0,0,0,0,0,0,0,shado1_1
7,7,0,0,0,0,0,0,0,0,shado1_1
7,8,0,0,0,0,0,0,0,0,shado1_1
0,0,0,0,0,0,0,0,0,0,shado1_2
0,1,0,0,0,0,0,0,0,0,shado1_2
0,2,0,0,0,0,0,0,0,0,shado1_2
0,3,0,0,0,0,0,0,0,0,shado1_2
0,4,0,0,0,0,0,0,0,0,shado1_2
0,5,0,0,0,0,0,0,0,0,shado1_2
0,6,0,0,0,0,0,0,0,0,shado1_2
0,7,0,0,0,0,0,0,0,0,shado1_2
0,8,0,0,0,0,0,0,0,0,shado1_2
0,9,0,0,0,0,0,0,0,0,shado1_2
1,0,0,0,0,0,0,0,0,0,shado1_2
1,1,0,0,0,0,0,0,0,0,shado1_2
1,2,0,0,0,0,0,0,0,0,shado1_2
1,3,0,0,0,0,0,0,0,0,shado1_2
1,4,51,33,26,21,13,115,11,17,shado1_2
1,5,52,33,26,18,13,115,14,17,shado1_2
1,6,0,0,0,0,0,0,0,0,shado1_2
1,7,0,0,0,0,0,0,0,0,shado1_2
1,8,0,0,0,0,0,0,0,0,shado1_2
1,9,0,0,0,0,0,0,0,0,shado1_2
2,0,0,0,0,0,0,0,0,0,shado1_2
2,1,0,0,0,0,0,0,0,0,shado1_2
2,2,0,0,0,0,0,0,0,0,shado1_2
2,3,0,0,0,0,0,0,0,0,shado1_2
2,4,51,31,24,20,14,115,12,18,shado1_2
2,5,50,31,22,20,13,115,12,15,shado1_2
2,6,52,32,24,22,15,114,12,16,shado1_2
2,7,0,0,0,0,0,0,0,0,shado1_2
2,8,0,0,0,0,0,0,0,0,shado1_2
2,9,0,0,0,0,0,0,0,0,shado1_2
3,0,0,0,0,0,0,0,0,0,shado1_2
3,1,0,0,0,0,0,0,0,0,shado1_2
3,2,0,0,0,0,0,0,0,0,shado1_2
3,3,52,31,27,21,13,114,13,16,shado1_2
3,4,50,32,24,19,13,114,12,18,shado1_2
3,5,53,31,24,22,14,114,11,18,shado1_2
3,6,49,33,23,21,14,116,13,15,shado1_2
3,7,50,31,25,20,15,116,14,18,shado1_2
3,8,0,0,0,0,0,0,0,0,shado1_2
3,9,0,0,0,0,0,0,0,0,shado1_2
4,0,0,0,0,0,0,0,0,0,shado1_2
4,1,0,0,0,0,0,0,0,0,shado1_2
4,2,0,0,0,0,0,0,0,0,shado1_2
4,3,49,32,25,20,14,114,12,15,shado1_2
4,4,49,30,22,20,12,114,13,20,shado1_2
4,5,50,31,24,23,15,114,13,16,shado1_2
4,6,54,34,26,21,15,116,12,14,shado1_2
4,7,51,32,25,21,12,116,13,16,shado1_2
4,8,51,30,25,20,12,116,9,15,shado1_2
4,9,0,0,0,0,0,0,0,0,shado1_2
5,0,0,0,0,0,0,0,0,0,shado1_2
5,1,0,0,0,0,0,0,0,0,shado1_2
5,2,52,32,21,19,14,114,11,18,shado1_2
5,3,48,31,24,20,14,114,12,14,shado1_2
5,4,50,32,22,22,13,116,12,17,shado1_2
5,5,51,32,24,18,12,116,11,18,shado1_2
5,6,51,32,22,20,14,115,13,17,shado1_2
5,7,51,32,24,20,13,115,11,17,shado1_2
5,8,52,31,24,19,16,117,10,15,shado1_2
5,9,52,33,25,21,14,117,11,18,shado1_2
6,0,0,0,0,0,0,0,0,0,shado1_2
6,1,0,0,0,0,0,0,0,0,shado1_2
6,2,49,31,23,19,14,114,11,17,shado1_2
6,3,50,30,23,19,14,114,12,15,shado1_2
6,4,51,31,20,20,13,116,11,17,shado1_2
6,5,50,30,26,20,14,116,14,16,shado1_2
6,6,49,31,25,20,15,115,13,16,shado1_2
6,7,51,31,24,21,14,115,13,14,shado1_2
6,8,52,31,25,20,15,117,12,15,shado1_2
6,9,0,0,0,0,0,0,0,0,shado1_2
7,0,0,0,0,0,0,0,0,0,shado1_2
7,1,51,33,26,21,14,115,14,19,shado1_2
7,2,54,32,27,20,16,115,11,20,shado1_2
7,3,48,31,26,19,14,115,13,15,shado1_2
7,4,53,29,22,18,13,116,11,15,shado1_2
7,5,52,32,24,19,14,116,13,16,shado1_2
7,6,50,30,23,20,13,116,10,17,shado1_2
7,7,49,31,23,20,15,116,14,19,shado1_2
7,8,50,32,23,21,14,115,12,15,shado1_2
7,9,0,0,0,0,0,0,0,0,shado1_2
8,0,0,0,0,0,0,0,0,0,shado1_2
8,1,50,31,25,20,12,115,11,16,shado1_2
8,2,51,33,27,20,15,115,12,15,shado1_2
8,3,51,31,26,20,14,115,11,18,shado1_2
8,4,52,31,24,19,13,116,11,16,shado1_2
8,5,52,34,26,20,13,116,11,18,shado1_2
8,6,52,31,25,19,13,116,12,18,shado1_2
8,7,50,31,24,19,14,116,13,14,shado1_2
8,8,0,0,0,0,0,0,0,0,shado1_2
8,9,0,0,0,0,0,0,0,0,shado1_2
9,0,52,33,24,20,15,116,15,16,shado1_2
9,1,50,31,24,19,14,116,9,16,shado1_2
9,2,49,31,24,18,12,115,11,18,shado1_2
9,3,52,31,25,20,13,115,11,15,shado1_2
9,4,51,32,25,19,14,115,12,18,shado1_2
9,5,52,34,28,20,14,115,14,18,shado1_2
9,6,50,32,25,20,15,115,15,18,shado1_2
9,7,52,33,23,21,14,115,12,17,shado1_2
9,8,0,0,0,0,0,0,0,0,shado1_2
9,9,0,0,0,0,0,0,0,0,shado1_2
10,0,0,0,0,0,0,0,0,0,shado1_2
10,1,0,0,0,0,0,0,0,0,shado1_2
10,2,0,0,0,0,0,0,0,0,shado1_2
10,3,51,32,26,19,14,115,12,16,shado1_2
10,4,51,32,26,19,14,115,12,16,shado1_2
10,5,52,33,27,19,14,115,13,19,shado1_2
10,6,49,33,25,20,15,115,11,14,shado1_2
10,7,53,33,23,20,16,115,13,20,shado1_2
10,8,0,0,0,0,0,0,0,0,shado1_2
10,9,0,0,0,0,0,0,0,0,shado1_2
11,0,0,0,0,0,0,0,0,0,shado1_2
11,1,0,0,0,0,0,0,0,0,shado1_2
11,2,0,0,0,0,0,0,0,0,shado1_2
11,3,0,0,0,0,0,0,0,0,shado1_2
11,4,0,0,0,0,0,0,0,0,shado1_2
11,5,0,0,0,0,0,0,0,0,shado1_2
11,6,50,32,24,20,14,115,12,17,shado1_2
11,7,0,0,0,0,0,0,0,0,shado1_2
11,8,0,0,0,0,0,0,0,0,shado1_2
11,9,0,0,0,0,0,0,0,0,shado1_2
0,0,0,0,0,0,0,0,0,0,water1_1
0,1,0,0,0,0,0,0,0,0,water1_1
0,2,0,0,0,0,0,0,0,0,water1_1
0,3,0,0,0,0,0,0,0,0,water1_1
0,4,0,0,0,0,0,0,0,0,water1_1
0,5,0,0,0,0,0,0,0,0,water1_1
0,6,0,0,0,0,0,0,0,0,water1_1
0,7,0,0,0,0,0,0,0,0,water1_1
0,8,0,0,0,0,0,0,0,0,water1_1
0,9,0,0,0,0,0,0,0,0,water1_1
0,10,0,0,0,0,0,0,0,0,water1_1
0,11,52,34,22,14,8,116,10,11,water1_1
0,12,52,32,22,14,10,116,10,16,water1_1
0,13,52,31,22,14,10,117,7,13,water1_1
0,14,53,32,22,14,10,117,11,9,water1_1
0,15,53,33,22,14,10,116,10,13,water1_1
0,16,51,32,19,14,9,116,11,11,water1_1
0,17,53,33,22,14,9,117,12,14,water1_1
1,0,55,32,21,14,9,115,10,14,water1_1
1,1,54,32,22,13,10,117,13,13,water1_1
1,2,55,31,22,13,9,117,7,16,water1_1
1,3,55,33,23,14,11,117,10,15,water1_1
1,4,54,33,24,14,9,117,10,15,water1_1
1,5,53,32,22,14,9,116,10,13,water1_1
1,6,54,33,24,14,10,116,10,11,water1_1
1,7,54,32,22,15,9,116,9,15,water1_1
1,8,54,31,22,15,10,116,10,12,water1_1
1,9,54,32,23,15,10,115,11,13,water1_1
1,10,53,32,21,14,9,115,9,18,water1_1
1,11,54,33,21,14,9,116,8,12,water1_1
1,12,52,33,21,14,11,116,11,14,water1_1
1,13,52,32,21,13,11,116,8,11,water1_1
1,14,54,33,20,14,10,116,9,16,water1_1
1,15,52,33,22,14,10,116,10,16,water1_1
1,16,53,31,20,14,11,116,8,14,water1_1
1,17,52,33,22,15,9,116,10,15,water1_1
2,0,0,0,0,0,0,0,0,0,water1_1
2,1,54,32,21,13,10,117,12,13,water1_1
2,2,54,31,24,13,10,117,8,18,water1_1
2,3,54,31,23,14,10,117,10,11,water1_1
2,4,53,33,23,14,10,117,11,14,water1_1
2,5,53,33,22,14,9,116,10,11,water1_1
2,6,54,33,24,14,10,116,11,14,water1_1
2,7,54,32,22,14,10,116,9,14,water1_1
2,8,54,31,21,15,10,116,10,14,water1_1
2,9,55,32,24,14,11,115,10,14,water1_1
2,10,53,32,22,13,10,115,10,13,water1_1
2,11,54,31,20,14,10,116,9,13,water1_1
2,12,53,33,23,13,11,116,11,14,water1_1
2,13,53,32,23,14,9,116,9,17,water1_1
2,14,52,33,22,14,10,116,10,11,water1_1
2,15,55,32,23,14,10,116,9,13,water1_1
2,16,55,32,23,13,10,116,9,14,water1_1
2,17,51,33,21,14,10,116,9,14,water1_1
3,0,0,0,0,0,0,0,0,0,water1_1
3,1,55,32,22,15,10,117,11,16,water1_1
3,2,54,31,24,13,10,117,8,12,water1_1
3,3,54,30,21,13,10,116,9,17,water1_1
3,4,53,33,21,14,10,116,10,10,water1_1
3,5,52,34,22,15,10,116,10,14,water1_1
3,6,53,33,23,13,10,116,11,12,water1_1
3,7,54,32,21,14,10,116,9,14,water1_1
3,8,54,33,21,14,10,116,10,16,water1_1
3,9,54,32,24,14,11,116,10,13,water1_1
3,10,53,32,23,13,10,116,9,13,water1_1
3,11,54,32,19,14,9,116,11,11,water1_1
3,12,54,33,22,14,10,116,11,14,water1_1
3,13,53,32,23,14,10,115,10,13,water1_1
3,14,52,33,23,14,10,115,11,14,water1_1
3,15,54,32,22,14,10,116,9,15,water1_1
3,16,53,31,20,14,9,116,11,11,water1_1
3,17,0,0,0,0,0,0,0,0,water1_1
4,0,0,0,0,0,0,0,0,0,water1_1
4,1,0,0,0,0,0,0,0,0,water1_1
4,2,55,33,22,13,10,117,10,14,water1_1
4,3,54,33,22,14,10,116,9,13,water1_1
4,4,54,33,23,15,10,116,11,16,water1_1
4,5,53,32,22,14,10,116,10,14,water1_1
4,6,54,33,20,13,10,116,10,15,water1_1
4,7,54,33,22,13,10,116,10,12,water1_1
4,8,54,33,23,13,10,116,8,17,water1_1
4,9,52,33,23,14,10,116,10,12,water1_1
4,10,52,33,23,14,10,116,10,13,water1_1
4,11,54,34,19,13,10,116,11,14,water1_1
4,12,55,32,21,15,10,116,11,15,water1_1
4,13,52,33,23,14,10,115,10,17,water1_1
4,14,54,32,22,13,10,115,10,13,water1_1
4,15,51,33,21,14,10,116,10,13,water1_1
4,16,52,31,19,15,9,116,11,13,water1_1
4,17,0,0,0,0,0,0,0,0,water1_1
5,0,0,0,0,0,0,0,0,0,water1_1
5,1,0,0,0,0,0,0,0,0,water1_1
5,2,0,0,0,0,0,0,0,0,water1_1
5,3,53,33,22,14,10,116,10,16,water1_1
5,4,56,33,22,15,9,116,10,14,water1_1
5,5,53,31,23,14,10,116,9,16,water1_1
5,6,54,32,23,14,10,116,10,12,water1_1
5,7,55,33,22,14,10,116,10,15,water1_1
5,8,53,33,22,14,10,116,8,14,water1_1
5,9,53,34,22,13,10,117,11,15,water1_1
5,10,52,32,22,13,10,117,10,12,water1_1
5,11,54,31,22,14,10,117,10,11,water1_1
5,12,55,34,22,14,10,117,8,15,water1_1
5,13,54,33,21,12,9,116,11,13,water1_1
5,14,53,32,22,15,10,116,10,12,water1_1
5,15,50,32,22,13,9,116,9,13,water1_1
5,16,52,33,22,13,9,116,11,14,water1_1
5,17,0,0,0,0,0,0,0,0,water1_1
6,0,0,0,0,0,0,0,0,0,water1_1
6,1,0,0,0,0,0,0,0,0,water1_1
6,2,0,0,0,0,0,0,0,0,water1_1
6,3,52,34,25,13,10,116,9,14,water1_1
6,4,55,33,23,14,10,116,9,13,water1_1
6,5,56,32,23,15,10,116,9,13,water1_1
6,6,53,32,22,14,10,116,10,15,water1_1
6,7,52,33,21,14,9,116,10,12,water1_1
6,8,56,32,24,15,10,116,10,14,water1_1
6,9,53,32,23,14,10,117,11,16,water1_1
6,10,53,32,22,14,9,117,9,16,water1_1
6,11,53,34,19,14,9,117,8,13,water1_1
6,12,52,33,20,14,10,117,8,13,water1_1
6,13,54,32,23,14,9,116,10,13,water1_1
6,14,54,31,19,14,10,116,10,14,water1_1
6,15,52,32,21,14,11,116,7,13,water1_1
6,16,54,32,22,13,9,116,11,12,water1_1
6,17,0,0,0,0,0,0,0,0,water1_1
7,0,0,0,0,0,0,0,0,0,water1_1
7,1,0,0,0,0,0,0,0,0,water1_1
7,2,0,0,0,0,0,0,0,0,water1_1
7,3,0,0,0,0,0,0,0,0,water1_1
7,4,54,33,24,14,10,116,10,14,water1_1
7,5,56,33,22,14,10,116,10,16,water1_1
7,6,52,34,21,15,9,116,10,13,water1_1
7,7,51,33,23,14,9,115,10,14,water1_1
7,8,55,32,23,14,11,115,10,12,water1_1
7,9,54,32,22,14,11,117,9,12,water1_1
7,10,52,32,20,13,9,117,10,12,water1_1
7,11,53,33,22,13,9,117,10,16,water1_1
7,12,53,33,21,14,11,117,10,15,water1_1
7,13,54,32,20,13,11,116,10,14,water1_1
7,14,53,33,24,14,10,116,9,14,water1_1
7,15,53,32,19,14,10,116,10,15,water1_1
7,16,53,34,24,13,10,116,11,18,water1_1
7,17,0,0,0,0,0,0,0,0,water1_1
8,0,0,0,0,0,0,0,0,0,water1_1
8,1,0,0,0,0,0,0,0,0,water1_1
8,2,0,0,0,0,0,0,0,0,water1_1
8,3,0,0,0,0,0,0,0,0,water1_1
8,4,54,32,25,13,10,116,11,14,water1_1
8,5,53,33,21,14,10,116,10,14,water1_1
8,6,52,33,24,15,10,116,10,13,water1_1
8,7,55,32,24,14,10,115,10,13,water1_1
8,8,55,32,21,14,10,115,9,12,water1_1
8,9,54,33,21,15,10,117,8,11,water1_1
8,10,54,34,21,13,11,117,10,13,water1_1
8,11,53,32,21,13,10,117,9,14,water1_1
8,12,52,32,22,14,10,117,10,13,water1_1
8,13,0,0,0,0,0,0,0,0,water1_1
8,14,0,0,0,0,0,0,0,0,water1_1
8,15,0,0,0,0,0,0,0,0,water1_1
8,16,0,0,0,0,0,0,0,0,water1_1
8,17,0,0,0,0,0,0,0,0,water1_1
0,0,0,0,0,0,0,0,0,0,water1_2
0,1,0,0,0,0,0,0,0,0,water1_2
0,2,0,0,0,0,0,0,0,0,water1_2
0,3,0,0,0,0,0,0,0,0,water1_2
0,4,0,0,0,0,0,0,0,0,water1_2
0,5,0,0,0,0,0,0,0,0,water1_2
0,6,0,0,0,0,0,0,0,0,water1_2
0,7,0,0,0,0,0,0,0,0,water1_2
0,8,0,0,0,0,0,0,0,0,water1_2
0,9,0,0,0,0,0,0,0,0,water1_2
0,10,0,0,0,0,0,0,0,0,water1_2
1,0,0,0,0,0,0,0,0,0,water1_2
1,1,0,0,0,0,0,0,0,0,water1_2
1,2,58,42,28,14,10,115,11,14,water1_2
1,3,57,42,27,15,9,115,12,21,water1_2
1,4,56,41,27,14,9,115,10,20,water1_2
1,5,56,41,26,14,10,113,9,18,water1_2
1,6,57,41,27,14,12,113,8,15,water1_2
1,7,58,40,27,14,10,115,10,17,water1_2
1,8,55,40,26,14,9,115,11,14,water1_2
1,9,57,40,24,14,11,115,9,14,water1_2
1,10,0,0,0,0,0,0,0,0,water1_2
2,0,0,0,0,0,0,0,0,0,water1_2
2,1,60,41,29,14,10,115,9,17,water1_2
2,2,56,42,28,14,11,115,10,16,water1_2
2,3,54,41,27,15,11,115,10,13,water1_2
2,4,57,42,29,14,10,115,10,16,water1_2
2,5,57,42,27,14,10,113,9,15,water1_2
2,6,56,40,27,14,10,113,9,15,water1_2
2,7,58,40,25,14,9,115,10,16,water1_2
2,8,55,39,27,14,10,115,8,15,water1_2
2,9,56,39,26,14,11,115,11,16,water1_2
2,10,0,0,0,0,0,0,0,0,water1_2
3,0,0,0,0,0,0,0,0,0,water1_2
3,1,0,0,0,0,0,0,0,0,water1_2
3,2,58,41,27,14,10,115,9,13,water1_2
3,3,54,41,28,15,10,115,10,17,water1_2
3,4,57,41,28,14,10,115,11,16,water1_2
3,5,58,42,26,15,10,114,8,17,water1_2
3,6,56,41,28,14,10,114,10,16,water1_2
3,7,55,42,26,14,10,115,11,16,water1_2
3,8,54,39,26,14,9,115,10,15,water1_2
3,9,55,41,26,15,11,115,10,16,water1_2
3,10,0,0,0,0,0,0,0,0,water1_2
4,0,0,0,0,0,0,0,0,0,water1_2
4,1,0,0,0,0,0,0,0,0,water1_2
4,2,59,41,25,13,10,115,10,17,water1_2
4,3,57,40,29,15,11,115,11,15,water1_2
4,4,56,39,27,14,11,115,10,15,water1_2
4,5,57,42,25,15,10,114,10,17,water1_2
4,6,57,42,28,14,10,114,10,16,water1_2
4,7,55,41,26,14,10,115,10,15,water1_2
4,8,56,41,27,14,10,115,9,17,water1_2
4,9,56,42,26,14,11,115,9,16,water1_2
4,10,0,0,0,0,0,0,0,0,water1_2
5,0,0,0,0,0,0,0,0,0,water1_2
5,1,0,0,0,0,0,0,0,0,water1_2
5,2,0,0,0,0,0,0,0,0,water1_2
5,3,57,40,28,14,11,115,10,17,water1_2
5,4,56,41,27,14,11,115,10,14,water1_2
5,5,57,42,26,15,9,114,11,15,water1_2
5,6,58,42,27,14,9,114,11,14,water1_2
5,7,57,41,25,14,10,114,10,17,water1_2
5,8,57,40,28,14,10,114,9,15,water1_2
5,9,57,40,26,13,10,114,10,15,water1_2
5,10,0,0,0,0,0,0,0,0,water1_2
6,0,0,0,0,0,0,0,0,0,water1_2
6,1,0,0,0,0,0,0,0,0,water1_2
6,2,0,0,0,0,0,0,0,0,water1_2
6,3,0,0,0,0,0,0,0,0,water1_2
6,4,57,42,26,14,9,115,10,16,water1_2
6,5,57,42,27,14,9,114,11,17,water1_2
6,6,58,41,24,14,9,114,11,18,water1_2
6,7,57,40,29,14,10,114,9,18,water1_2
6,8,59,41,27,14,9,114,9,16,water1_2
6,9,56,40,26,14,10,114,8,14,water1_2
6,10,0,0,0,0,0,0,0,0,water1_2
7,0,0,0,0,0,0,0,0,0,water1_2
7,1,0,0,0,0,0,0,0,0,water1_2
7,2,0,0,0,0,0,0,0,0,water1_2
7,3,0,0,0,0,0,0,0,0,water1_2
7,4,58,43,27,14,10,116,9,17,water1_2
7,5,55,41,27,14,9,114,8,15,water1_2
7,6,57,41,27,13,9,114,10,15,water1_2
7,7,57,42,27,14,11,114,12,15,water1_2
7,8,58,41,28,15,11,114,10,14,water1_2
7,9,57,40,24,14,9,114,8,17,water1_2
7,10,0,0,0,0,0,0,0,0,water1_2
8,0,0,0,0,0,0,0,0,0,water1_2
8,1,0,0,0,0,0,0,0,0,water1_2
8,2,0,0,0,0,0,0,0,0,water1_2
8,3,0,0,0,0,0,0,0,0,water1_2
8,4,0,0,0,0,0,0,0,0,water1_2
8,5,0,0,0,0,0,0,0,0,water1_2
8,6,0,0,0,0,0,0,0,0,water1_2
8,7,0,0,0,0,0,0,0,0,water1_2
8,8,0,0,0,0,0,0,0,0,water1_2
8,9,0,0,0,0,0,0,0,0,water1_2
8,10,0,0,0,0,0,0,0,0,water1_2
0,0,0,0,0,0,0,0,0,0,water1_3
0,1,0,0,0,0,0,0,0,0,water1_3
0,2,0,0,0,0,0,0,0,0,water1_3
0,3,0,0,0,0,0,0,0,0,water1_3
0,4,0,0,0,0,0,0,0,0,water1_3
0,5,0,0,0,0,0,0,0,0,water1_3
0,6,0,0,0,0,0,0,0,0,water1_3
0,7,0,0,0,0,0,0,0,0,water1_3
0,8,0,0,0,0,0,0,0,0,water1_3
0,9,0,0,0,0,0,0,0,0,water1_3
0,10,0,0,0,0,0,0,0,0,water1_3
0,11,0,0,0,0,0,0,0,0,water1_3
0,12,0,0,0,0,0,0,0,0,water1_3
0,13,0,0,0,0,0,0,0,0,water1_3
0,14,0,0,0,0,0,0,0,0,water1_3
0,15,0,0,0,0,0,0,0,0,water1_3
0,16,0,0,0,0,0,0,0,0,water1_3
0,17,0,0,0,0,0,0,0,0,water1_3
1,0,59,43,32,15,11,115,9,18,water1_3
1,1,60,45,32,15,10,115,9,16,water1_3
1,2,59,45,31,16,10,115,10,21,water1_3
1,3,59,45,33,14,11,115,10,16,water1_3
1,4,58,46,32,15,9,115,10,17,water1_3
1,5,58,44,32,16,11,115,9,17,water1_3
1,6,0,0,0,0,0,0,0,0,water1_3
1,7,0,0,0,0,0,0,0,0,water1_3
1,8,0,0,0,0,0,0,0,0,water1_3
1,9,0,0,0,0,0,0,0,0,water1_3
1,10,0,0,0,0,0,0,0,0,water1_3
1,11,0,0,0,0,0,0,0,0,water1_3
1,12,0,0,0,0,0,0,0,0,water1_3
1,13,0,0,0,0,0,0,0,0,water1_3
1,14,0,0,0,0,0,0,0,0,water1_3
1,15,0,0,0,0,0,0,0,0,water1_3
1,16,0,0,0,0,0,0,0,0,water1_3
1,17,0,0,0,0,0,0,0,0,water1_3
2,0,60,45,32,16,10,114,9,18,water1_3
2,1,61,45,32,15,12,115,10,13,water1_3
2,2,59,46,34,16,12,115,9,17,water1_3
2,3,59,46,34,16,12,115,9,17,water1_3
2,4,60,47,32,16,10,115,10,19,water1_3
2,5,59,45,30,13,10,115,10,16,water1_3
2,6,59,45,34,15,10,115,10,19,water1_3
2,7,58,45,32,14,10,114,10,19,water1_3
2,8,61,44,32,15,10,114,10,18,water1_3
2,9,59,45,32,14,10,114,11,20,water1_3
2,10,59,44,31,15,9,114,9,18,water1_3
2,11,60,44,32,15,9,114,10,19,water1_3
2,12,59,45,33,14,10,114,11,18,water1_3
2,13,59,44,33,16,9,114,10,16,water1_3
2,14,58,46,33,14,10,114,9,18,water1_3
2,15,0,0,0,0,0,0,0,0,water1_3
2,16,0,0,0,0,0,0,0,0,water1_3
2,17,0,0,0,0,0,0,0,0,water1_3
3,0,0,0,0,0,0,0,0,0,water1_3
3,1,59,45,33,16,10,115,10,17,water1_3
3,2,58,45,33,14,10,115,11,20,water1_3
3,3,59,45,34,15,10,115,9,17,water1_3
3,4,58,45,32,16,10,115,9,19,water1_3
3,5,62,44,30,15,9,115,9,19,water1_3
3,6,61,44,31,15,10,115,11,19,water1_3
3,7,62,43,31,15,10,114,9,17,water1_3
3,8,61,45,29,14,11,114,9,16,water1_3
3,9,59,44,30,14,9,114,10,16,water1_3
3,10,60,43,33,16,10,114,9,16,water1_3
3,11,61,44,31,15,10,114,9,14,water1_3
3,12,60,43,29,15,10,114,9,19,water1_3
3,13,61,44,32,16,9,114,10,17,water1_3
3,14,59,45,32,15,10,114,8,19,water1_3
3,15,57,43,34,15,11,115,9,18,water1_3
3,16,60,44,33,14,10,115,10,19,water1_3
3,17,0,0,0,0,0,0,0,0,water1_3
4,0,0,0,0,0,0,0,0,0,water1_3
4,1,58,45,34,15,9,116,12,14,water1_3
4,2,60,45,31,14,9,116,10,18,water1_3
4,3,59,45,33,15,10,114,8,21,water1_3
4,4,59,44,30,14,9,114,8,14,water1_3
4,5,60,44,32,15,10,115,10,18,water1_3
4,6,58,44,32,15,10,115,11,17,water1_3
4,7,58,44,31,15,10,116,8,20,water1_3
4,8,58,45,29,15,9,116,10,17,water1_3
4,9,59,43,32,15,11,115,10,17,water1_3
4,10,60,43,31,15,10,115,9,20,water1_3
4,11,59,44,30,14,9,115,10,17,water1_3
4,12,58,42,31,15,10,115,10,17,water1_3
4,13,59,43,30,16,11,114,10,20,water1_3
4,14,59,45,34,15,9,114,8,15,water1_3
4,15,58,43,33,14,10,115,11,19,water1_3
4,16,0,0,0,0,0,0,0,0,water1_3
4,17,0,0,0,0,0,0,0,0,water1_3
5,0,0,0,0,0,0,0,0,0,water1_3
5,1,58,45,29,15,10,116,10,16,water1_3
5,2,60,44,34,15,9,116,8,17,water1_3
5,3,58,47,32,15,11,114,10,19,water1_3
5,4,58,43,32,16,10,114,11,18,water1_3
5,5,59,45,32,14,11,115,8,21,water1_3
5,6,59,44,32,15,10,115,10,17,water1_3
5,7,58,44,33,15,11,116,8,16,water1_3
5,8,60,43,32,15,10,116,10,19,water1_3
5,9,58,44,30,15,11,115,10,18,water1_3
5,10,57,43,31,15,10,115,11,15,water1_3
5,11,59,44,31,14,9,115,10,19,water1_3
5,12,58,42,31,15,10,115,10,19,water1_3
5,13,58,43,30,15,11,114,10,16,water1_3
5,14,58,45,33,13,10,114,10,20,water1_3
5,15,59,43,33,15,10,115,10,17,water1_3
5,16,0,0,0,0,0,0,0,0,water1_3
5,17,0,0,0,0,0,0,0,0,water1_3
6,0,0,0,0,0,0,0,0,0,water1_3
6,1,58,44,32,15,10,116,8,17,water1_3
6,2,59,45,32,16,9,116,9,16,water1_3
6,3,57,44,35,14,10,113,10,18,water1_3
6,4,59,45,29,14,11,113,11,19,water1_3
6,5,62,45,32,15,9,114,7,16,water1_3
6,6,58,43,34,15,11,114,10,18,water1_3
6,7,60,44,30,15,10,116,9,19,water1_3
6,8,60,45,32,15,9,116,11,16,water1_3
6,9,59,43,31,15,11,116,11,18,water1_3
6,10,60,43,30,15,10,116,9,16,water1_3
6,11,59,45,32,15,10,115,10,20,water1_3
6,12,59,43,31,15,11,115,8,18,water1_3
6,13,58,42,32,14,10,114,10,14,water1_3
6,14,59,44,32,15,10,114,11,18,water1_3
6,15,0,0,0,0,0,0,0,0,water1_3
6,16,0,0,0,0,0,0,0,0,water1_3
6,17,0,0,0,0,0,0,0,0,water1_3
7,0,0,0,0,0,0,0,0,0,water1_3
7,1,0,0,0,0,0,0,0,0,water1_3
7,2,58,45,34,14,9,116,10,19,water1_3
7,3,59,45,31,15,11,113,9,17,water1_3
7,4,56,43,33,16,11,113,9,18,water1_3
7,5,61,45,31,14,9,114,10,16,water1_3
7,6,58,46,32,14,11,114,11,18,water1_3
7,7,58,42,32,15,9,116,9,19,water1_3
7,8,60,43,32,15,10,116,9,15,water1_3
7,9,59,43,31,15,11,116,10,18,water1_3
7,10,58,43,32,16,10,116,8,19,water1_3
7,11,61,44,32,15,10,115,10,19,water1_3
7,12,59,44,31,14,10,115,9,18,water1_3
7,13,59,43,31,15,10,114,9,17,water1_3
7,14,0,0,0,0,0,0,0,0,water1_3
7,15,0,0,0,0,0,0,0,0,water1_3
7,16,0,0,0,0,0,0,0,0,water1_3
7,17,0,0,0,0,0,0,0,0,water1_3
8,0,0,0,0,0,0,0,0,0,water1_3
8,1,0,0,0,0,0,0,0,0,water1_3
8,2,58,46,33,15,9,116,10,19,water1_3
8,3,60,45,30,14,11,115,8,17,water1_3
8,4,57,43,35,15,10,115,9,17,water1_3
8,5,61,45,31,14,9,113,10,20,water1_3
8,6,57,46,31,15,9,113,10,17,water1_3
8,7,58,42,32,16,9,114,9,18,water1_3
8,8,60,44,31,15,12,114,7,19,water1_3
8,9,59,43,33,14,10,114,8,20,water1_3
8,10,57,43,34,15,9,114,9,18,water1_3
8,11,59,45,31,15,11,114,9,20,water1_3
8,12,59,44,31,15,10,114,12,18,water1_3
8,13,58,44,32,14,9,114,10,16,water1_3
8,14,0,0,0,0,0,0,0,0,water1_3
8,15,0,0,0,0,0,0,0,0,water1_3
8,16,0,0,0,0,0,0,0,0,water1_3
8,17,0,0,0,0,0,0,0,0,water1_3
9,0,0,0,0,0,0,0,0,0,water1_3
9,1,0,0,0,0,0,0,0,0,water1_3
9,2,59,45,35,15,11,116,9,18,water1_3
9,3,59,45,35,15,11,115,9,17,water1_3
9,4,58,46,35,15,10,115,8,16,water1_3
9,5,59,45,31,16,10,113,9,18,water1_3
9,6,58,44,31,15,9,113,11,17,water1_3
9,7,58,44,32,15,9,114,10,21,water1_3
9,8,59,43,32,15,10,114,10,15,water1_3
9,9,58,45,33,14,10,114,10,20,water1_3
9,10,59,44,33,15,10,114,8,17,water1_3
9,11,58,43,31,15,10,114,10,18,water1_3
9,12,59,44,31,14,11,114,12,17,water1_3
9,13,0,0,0,0,0,0,0,0,water1_3
9,14,0,0,0,0,0,0,0,0,water1_3
9,15,0,0,0,0,0,0,0,0,water1_3
9,16,0,0,0,0,0,0,0,0,water1_3
9,17,0,0,0,0,0,0,0,0,water1_3
10,0,0,0,0,0,0,0,0,0,water1_3
10,1,0,0,0,0,0,0,0,0,water1_3
10,2,59,44,31,16,9,115,12,19,water1_3
10,3,60,46,32,14,11,115,10,17,water1_3
10,4,60,44,32,14,9,115,9,19,water1_3
10,5,58,44,31,15,12,114,10,20,water1_3
10,6,59,45,32,16,9,114,11,17,water1_3
10,7,59,43,33,15,9,115,9,16,water1_3
10,8,58,44,33,15,11,115,11,18,water1_3
10,9,61,45,30,15,11,115,10,18,water1_3
10,10,59,44,31,15,11,115,9,18,water1_3
10,11,56,45,33,16,10,114,9,18,water1_3
10,12,0,0,0,0,0,0,0,0,water1_3
10,13,0,0,0,0,0,0,0,0,water1_3
10,14,0,0,0,0,0,0,0,0,water1_3
10,15,0,0,0,0,0,0,0,0,water1_3
10,16,0,0,0,0,0,0,0,0,water1_3
10,17,0,0,0,0,0,0,0,0,water1_3
0,0,0,0,0,0,0,0,0,0,water1_4
0,1,0,0,0,0,0,0,0,0,water1_4
0,2,0,0,0,0,0,0,0,0,water1_4
0,3,0,0,0,0,0,0,0,0,water1_4
0,4,0,0,0,0,0,0,0,0,water1_4
0,5,0,0,0,0,0,0,0,0,water1_4
0,6,0,0,0,0,0,0,0,0,water1_4
0,7,0,0,0,0,0,0,0,0,water1_4
0,8,0,0,0,0,0,0,0,0,water1_4
0,9,0,0,0,0,0,0,0,0,water1_4
0,10,0,0,0,0,0,0,0,0,water1_4
0,11,0,0,0,0,0,0,0,0,water1_4
0,12,0,0,0,0,0,0,0,0,water1_4
0,13,0,0,0,0,0,0,0,0,water1_4
0,14,0,0,0,0,0,0,0,0,water1_4
0,15,0,0,0,0,0,0,0,0,water1_4
0,16,0,0,0,0,0,0,0,0,water1_4
0,17,0,0,0,0,0,0,0,0,water1_4
0,18,0,0,0,0,0,0,0,0,water1_4
0,19,0,0,0,0,0,0,0,0,water1_4
1,0,0,0,0,0,0,0,0,0,water1_4
1,1,0,0,0,0,0,0,0,0,water1_4
1,2,59,43,31,16,13,115,13,17,water1_4
1,3,56,40,28,15,10,115,8,20,water1_4
1,4,62,44,30,18,15,114,14,18,water1_4
1,5,64,45,32,19,16,114,12,20,water1_4
1,6,62,45,32,17,16,115,14,20,water1_4
1,7,60,42,28,15,13,115,11,15,water1_4
1,8,59,41,27,14,9,115,9,16,water1_4
1,9,57,40,27,15,10,115,10,17,water1_4
1,10,0,0,0,0,0,0,0,0,water1_4
1,11,0,0,0,0,0,0,0,0,water1_4
1,12,0,0,0,0,0,0,0,0,water1_4
1,13,0,0,0,0,0,0,0,0,water1_4
1,14,0,0,0,0,0,0,0,0,water1_4
1,15,0,0,0,0,0,0,0,0,water1_4
1,16,0,0,0,0,0,0,0,0,water1_4
1,17,0,0,0,0,0,0,0,0,water1_4
1,18,0,0,0,0,0,0,0,0,water1_4
1,19,0,0,0,0,0,0,0,0,water1_4
2,0,0,0,0,0,0,0,0,0,water1_4
2,1,0,0,0,0,0,0,0,0,water1_4
2,2,64,45,31,19,17,115,16,20,water1_4
2,3,59,43,30,16,11,115,9,18,water1_4
2,4,61,44,32,18,15,114,15,20,water1_4
2,5,65,46,31,18,17,114,16,21,water1_4
2,6,64,46,34,19,19,115,15,19,water1_4
2,7,59,43,29,16,12,115,13,11,water1_4
2,8,58,40,27,16,10,115,9,18,water1_4
2,9,58,41,28,13,12,115,10,15,water1_4
2,10,60,41,26,15,11,114,12,16,water1_4
2,11,60,43,29,15,13,114,13,17,water1_4
2,12,62,44,31,16,15,115,13,17,water1_4
2,13,58,42,28,16,13,115,10,16,water1_4
2,14,58,39,27,14,10,114,9,16,water1_4
2,15,60,40,29,15,10,114,11,17,water1_4
2,16,57,41,30,16,10,114,10,17,water1_4
2,17,56,41,28,15,10,114,11,20,water1_4
2,18,59,42,28,14,9,115,10,15,water1_4
2,19,59,41,29,15,10,115,10,16,water1_4
3,0,0,0,0,0,0,0,0,0,water1_4
3,1,63,45,30,17,14,114,13,22,water1_4
3,2,63,44,32,18,16,115,15,15,water1_4
3,3,60,43,29,17,12,115,12,16,water1_4
3,4,63,43,33,19,16,114,16,17,water1_4
3,5,64,47,35,21,19,114,19,21,water1_4
3,6,64,50,34,19,19,114,18,18,water1_4
3,7,59,43,31,16,13,114,15,17,water1_4
3,8,59,42,27,15,10,115,9,15,water1_4
3,9,59,40,27,15,11,115,9,19,water1_4
3,10,56,41,29,15,11,114,11,15,water1_4
3,11,58,41,30,17,12,114,12,18,water1_4
3,12,63,42,30,16,14,114,12,18,water1_4
3,13,60,43,30,16,13,114,11,17,water1_4
3,14,58,40,28,15,11,113,11,16,water1_4
3,15,58,41,31,16,11,113,12,17,water1_4
3,16,59,43,30,15,10,114,9,17,water1_4
3,17,59,42,27,14,11,114,12,12,water1_4
3,18,58,40,30,14,9,116,9,16,water1_4
3,19,0,0,0,0,0,0,0,0,water1_4
4,0,0,0,0,0,0,0,0,0,water1_4
4,1,60,41,29,16,11,114,10,20,water1_4
4,2,61,45,32,18,15,115,14,20,water1_4
4,3,60,42,29,16,15,115,12,18,water1_4
4,4,64,43,33,18,17,114,17,17,water1_4
4,5,66,50,37,21,22,114,18,18,water1_4
4,6,63,47,32,20,17,114,16,19,water1_4
4,7,60,45,28,16,13,114,14,15,water1_4
4,8,59,42,28,15,10,115,10,17,water1_4
4,9,60,42,30,17,14,115,13,22,water1_4
4,10,58,42,30,17,16,114,14,22,water1_4
4,11,57,41,28,15,13,114,11,17,water1_4
4,12,59,41,27,14,10,114,9,14,water1_4
4,13,59,41,27,16,11,114,12,18,water1_4
4,14,60,44,31,18,15,113,13,20,water1_4
4,15,62,46,32,19,18,113,16,23,water1_4
4,16,61,44,31,16,14,114,12,17,water1_4
4,17,58,42,29,15,12,114,9,16,water1_4
4,18,0,0,0,0,0,0,0,0,water1_4
4,19,0,0,0,0,0,0,0,0,water1_4
5,0,0,0,0,0,0,0,0,0,water1_4
5,1,64,46,35,20,18,115,17,18,water1_4
5,2,62,46,32,19,16,115,15,18,water1_4
5,3,61,44,30,18,12,115,13,17,water1_4
5,4,64,47,36,20,17,114,15,19,water1_4
5,5,64,45,32,19,17,114,15,22,water1_4
5,6,61,43,30,17,16,114,12,17,water1_4
5,7,62,42,31,17,13,114,12,18,water1_4
5,8,62,42,31,17,13,114,12,24,water1_4
5,9,65,48,35,20,23,114,23,24,water1_4
5,10,66,50,39,23,25,113,22,15,water1_4
5,11,60,42,31,17,16,113,13,18,water1_4
5,12,58,40,28,14,8,113,9,15,water1_4
5,13,58,43,27,14,11,113,11,19,water1_4
5,14,62,44,31,17,16,113,14,21,water1_4
5,15,65,47,37,20,20,113,17,16,water1_4
5,16,63,45,35,18,17,114,15,19,water1_4
5,17,0,0,0,0,0,0,0,0,water1_4
5,18,0,0,0,0,0,0,0,0,water1_4
5,19,0,0,0,0,0,0,0,0,water1_4
6,0,0,0,0,0,0,0,0,0,water1_4
6,1,64,44,33,18,15,115,14,20,water1_4
6,2,60,45,30,19,15,115,15,16,water1_4
6,3,59,44,27,16,11,115,11,18,water1_4
6,4,64,46,33,20,14,114,15,17,water1_4
6,5,66,48,38,21,22,114,18,24,water1_4
6,6,64,45,32,19,18,114,16,21,water1_4
6,7,63,45,33,18,14,114,15,18,water1_4
6,8,67,49,36,23,23,114,22,21,water1_4
6,9,68,52,37,24,25,114,22,21,water1_4
6,10,63,44,33,18,17,113,16,18,water1_4
6,11,61,42,30,16,13,113,13,17,water1_4
6,12,61,42,29,17,14,113,14,20,water1_4
6,13,62,44,32,18,15,113,13,21,water1_4
6,14,63,45,36,20,17,113,15,18,water1_4
6,15,64,45,34,19,16,113,15,21,water1_4
6,16,62,44,31,17,15,114,15,17,water1_4
6,17,0,0,0,0,0,0,0,0,water1_4
6,18,0,0,0,0,0,0,0,0,water1_4
6,19,0,0,0,0,0,0,0,0,water1_4
7,0,0,0,0,0,0,0,0,0,water1_4
7,1,61,44,32,18,16,114,14,18,water1_4
7,2,58,41,26,16,11,115,10,15,water1_4
7,3,58,40,27,15,10,115,10,16,water1_4
7,4,62,45,32,18,14,114,15,16,water1_4
7,5,67,50,40,22,22,114,18,23,water1_4
7,6,66,47,35,22,24,114,20,21,water1_4
7,7,62,43,29,18,14,114,15,15,water1_4
7,8,65,45,32,19,16,114,16,21,water1_4
7,9,63,44,34,17,13,114,13,18,water1_4
7,10,62,44,32,17,12,114,12,18,water1_4
7,11,64,48,33,21,22,114,19,19,water1_4
7,12,65,45,35,22,23,115,19,24,water1_4
7,13,63,42,31,18,12,115,13,18,water1_4
7,14,63,44,33,19,15,114,14,19,water1_4
7,15,63,46,32,19,15,114,14,19,water1_4
7,16,0,0,0,0,0,0,0,0,water1_4
7,17,0,0,0,0,0,0,0,0,water1_4
7,18,0,0,0,0,0,0,0,0,water1_4
7,19,0,0,0,0,0,0,0,0,water1_4
8,0,0,0,0,0,0,0,0,0,water1_4
8,1,67,49,39,24,22,114,22,22,water1_4
8,2,60,43,29,16,12,115,11,20,water1_4
8,3,57,39,26,14,10,115,9,17,water1_4
8,4,59,41,30,15,12,114,12,18,water1_4
8,5,63,46,34,19,15,114,13,20,water1_4
8,6,63,45,35,21,19,114,15,20,water1_4
8,7,59,41,29,18,15,114,15,18,water1_4
8,8,61,42,29,15,12,114,11,15,water1_4
8,9,60,40,30,14,10,114,11,13,water1_4
8,10,59,43,31,17,13,114,10,20,water1_4
8,11,64,48,36,21,21,114,17,24,water1_4
8,12,66,49,36,22,23,115,22,23,water1_4
8,13,63,42,31,18,12,115,13,19,water1_4
8,14,60,43,29,16,10,114,11,16,water1_4
8,15,0,0,0,0,0,0,0,0,water1_4
8,16,0,0,0,0,0,0,0,0,water1_4
8,17,0,0,0,0,0,0,0,0,water1_4
8,18,0,0,0,0,0,0,0,0,water1_4
8,19,0,0,0,0,0,0,0,0,water1_4
9,0,0,0,0,0,0,0,0,0,water1_4
9,1,72,53,43,27,28,114,25,24,water1_4
9,2,64,47,35,19,18,113,17,18,water1_4
9,3,59,39,26,15,10,113,11,17,water1_4
9,4,59,40,28,16,14,113,12,18,water1_4
9,5,60,42,28,15,11,113,13,16,water1_4
9,6,62,43,32,18,13,114,10,18,water1_4
9,7,61,43,31,17,16,114,15,16,water1_4
9,8,57,43,28,15,12,114,11,17,water1_4
9,9,60,41,27,16,9,114,10,17,water1_4
9,10,58,40,29,16,11,115,11,18,water1_4
9,11,60,42,33,17,16,115,15,20,water1_4
9,12,65,47,35,20,17,114,17,20,water1_4
9,13,62,42,29,18,15,114,12,15,water1_4
9,14,0,0,0,0,0,0,0,0,water1_4
9,15,0,0,0,0,0,0,0,0,water1_4
9,16,0,0,0,0,0,0,0,0,water1_4
9,17,0,0,0,0,0,0,0,0,water1_4
9,18,0,0,0,0,0,0,0,0,water1_4
9,19,0,0,0,0,0,0,0,0,water1_4
10,0,0,0,0,0,0,0,0,0,water1_4
10,1,67,50,40,26,26,114,21,23,water1_4
10,2,68,48,37,22,21,113,18,16,water1_4
10,3,62,42,27,15,12,113,13,21,water1_4
10,4,59,41,29,18,15,113,13,17,water1_4
10,5,61,42,29,15,13,113,11,20,water1_4
10,6,62,42,28,16,11,114,12,16,water1_4
10,7,62,43,29,16,13,114,12,17,water1_4
10,8,58,41,27,15,11,114,10,16,water1_4
10,9,60,40,27,16,10,114,9,17,water1_4
10,10,56,37,27,15,11,115,10,17,water1_4
10,11,59,40,30,16,13,115,12,15,water1_4
10,12,62,43,31,17,13,114,12,19,water1_4
10,13,61,44,30,16,12,114,11,19,water1_4
10,14,0,0,0,0,0,0,0,0,water1_4
10,15,0,0,0,0,0,0,0,0,water1_4
10,16,0,0,0,0,0,0,0,0,water1_4
10,17,0,0,0,0,0,0,0,0,water1_4
10,18,0,0,0,0,0,0,0,0,water1_4
10,19,0,0,0,0,0,0,0,0,water1_4
11,0,0,0,0,0,0,0,0,0,water1_4
11,1,64,48,35,20,20,114,19,20,water1_4
11,2,65,47,32,19,19,115,17,18,water1_4
11,3,61,43,29,15,13,115,11,16,water1_4
11,4,60,42,29,17,15,115,11,18,water1_4
11,5,60,41,31,16,13,115,11,19,water1_4
11,6,62,42,28,16,11,115,12,17,water1_4
11,7,58,42,29,15,11,115,10,17,water1_4
11,8,60,40,28,15,9,115,8,12,water1_4
11,9,58,42,26,16,12,115,10,12,water1_4
11,10,57,39,28,15,12,115,10,18,water1_4
11,11,58,41,32,15,11,115,10,14,water1_4
11,12,59,39,26,16,11,115,10,17,water1_4
11,13,0,0,0,0,0,0,0,0,water1_4
11,14,0,0,0,0,0,0,0,0,water1_4
11,15,0,0,0,0,0,0,0,0,water1_4
11,16,0,0,0,0,0,0,0,0,water1_4
11,17,0,0,0,0,0,0,0,0,water1_4
11,18,0,0,0,0,0,0,0,0,water1_4
11,19,0,0,0,0,0,0,0,0,water1_4
12,0,61,46,29,17,14,114,13,20,water1_4
12,1,60,44,31,16,13,114,12,14,water1_4
12,2,60,40,29,15,11,115,10,17,water1_4
12,3,59,43,30,17,13,115,12,17,water1_4
12,4,58,42,28,14,11,115,9,17,water1_4
12,5,62,42,29,18,13,115,11,17,water1_4
12,6,0,0,0,0,0,0,0,0,water1_4
12,7,0,0,0,0,0,0,0,0,water1_4
12,8,0,0,0,0,0,0,0,0,water1_4
12,9,0,0,0,0,0,0,0,0,water1_4
12,10,0,0,0,0,0,0,0,0,water1_4
12,11,0,0,0,0,0,0,0,0,water1_4
12,12,0,0,0,0,0,0,0,0,water1_4
12,13,0,0,0,0,0,0,0,0,water1_4
12,14,0,0,0,0,0,0,0,0,water1_4
12,15,0,0,0,0,0,0,0,0,water1_4
12,16,0,0,0,0,0,0,0,0,water1_4
12,17,0,0,0,0,0,0,0,0,water1_4
12,18,0,0,0,0,0,0,0,0,water1_4
12,19,0,0,0,0,0,0,0,0,water1_4
